"日本国憲法_00_前文.md","changed","{""type"":""file"",""size"":1967,""timestamp"":1494090966,""md5"":""9218cdcf60f79cc1f54727697fdc572d"",""encoding"":""UTF-8"",""crlf"":""LF""}","{""type"":""file"",""size"":1048,""timestamp"":1494091191,""md5"":""19e959211a92918250ab1bb5eb3de38b"",""encoding"":""UTF-8"",""crlf"":""LF""}"
"日本国憲法_01_天皇.md","changed","{""type"":""file"",""size"":2234,""timestamp"":1494100539,""md5"":""8862eed761f516ff1466489a9cd6fcbb"",""encoding"":""UTF-8"",""crlf"":""LF""}","{""type"":""file"",""size"":3014,""timestamp"":1494100905,""md5"":""069c23d02fabd2f028c75519dd6a300d"",""encoding"":""UTF-8"",""crlf"":""LF""}"
"日本国憲法_02_戦争の放棄-安全保障.md","changed","{""type"":""file"",""size"":454,""timestamp"":1494090966,""md5"":""87d6893c584e4953fa4ddc4fd91825ba"",""encoding"":""UTF-8"",""crlf"":""LF""}","{""type"":""file"",""size"":1839,""timestamp"":1494100915,""md5"":""881d490c1c3fe6fa8e1357443b3aed41"",""encoding"":""UTF-8"",""crlf"":""LF""}"
"日本国憲法_03_国民の権利及び義務.md","changed","{""type"":""file"",""size"":8612,""timestamp"":1494100639,""md5"":""cb709fad42294c10fc61a26b6ae958c3"",""encoding"":""UTF-8"",""crlf"":""LF""}","{""type"":""file"",""size"":11527,""timestamp"":1494100986,""md5"":""e6bc8524b153ae5148998f83ddab9070"",""encoding"":""UTF-8"",""crlf"":""LF""}"
"日本国憲法_04_国会.md","changed","{""type"":""file"",""size"":6426,""timestamp"":1494100724,""md5"":""c2078705ea53bd8e13e154977df92c50"",""encoding"":""UTF-8"",""crlf"":""LF""}","{""type"":""file"",""size"":8126,""timestamp"":1494101020,""md5"":""2d1a6f23f31a8afe350e088e2c6b56e0"",""encoding"":""UTF-8"",""crlf"":""LF""}"
"日本国憲法_05_内閣.md","changed","{""type"":""file"",""size"":3312,""timestamp"":1494100777,""md5"":""1528fe13cb66aea40a2f3a7d15ae9ed3"",""encoding"":""UTF-8"",""crlf"":""LF""}","{""type"":""file"",""size"":4308,""timestamp"":1494101041,""md5"":""2378142a8f29026f16916a545bff393e"",""encoding"":""UTF-8"",""crlf"":""LF""}"
"日本国憲法_06_司法.md","changed","{""type"":""file"",""size"":3391,""timestamp"":1494100803,""md5"":""f16663ccf0ace00a0b0eebcf60bf6d67"",""encoding"":""UTF-8"",""crlf"":""LF""}","{""type"":""file"",""size"":3547,""timestamp"":1494101054,""md5"":""28d4242cedc59a06524c261a973535a9"",""encoding"":""UTF-8"",""crlf"":""LF""}"
"日本国憲法_07_財政.md","changed","{""type"":""file"",""size"":1905,""timestamp"":1494100832,""md5"":""1d334c407011ecc84567ea9f7efb83c7"",""encoding"":""UTF-8"",""crlf"":""LF""}","{""type"":""file"",""size"":3159,""timestamp"":1494101068,""md5"":""2802bb8a9e54b2fbd61a743f6f96d3f0"",""encoding"":""UTF-8"",""crlf"":""LF""}"
"日本国憲法_08_地方自治.md","changed","{""type"":""file"",""size"":993,""timestamp"":1494100847,""md5"":""8d515b70cf0f3d3850a5ceb5935616d8"",""encoding"":""UTF-8"",""crlf"":""LF""}","{""type"":""file"",""size"":2649,""timestamp"":1494101079,""md5"":""335677846c0c30006072d22a46d27e78"",""encoding"":""UTF-8"",""crlf"":""LF""}"
"日本国憲法_09-10_改正.md","changed","{""type"":""file"",""size"":570,""timestamp"":1494090966,""md5"":""6530d93497525c7efc26c4db231fa820"",""encoding"":""UTF-8"",""crlf"":""LF""}","{""type"":""file"",""size"":543,""timestamp"":1494091191,""md5"":""2552b2cdb8d303db2606e467cebf29a3"",""encoding"":""UTF-8"",""crlf"":""LF""}"
"日本国憲法_10-11_最高法規.md","changed","{""type"":""file"",""size"":901,""timestamp"":1494100866,""md5"":""ff9b1428c02b3838f30b6b7ff91eacb7"",""encoding"":""UTF-8"",""crlf"":""LF""}","{""type"":""file"",""size"":665,""timestamp"":1494091191,""md5"":""a18e15546304acf10a24fbde3b302005"",""encoding"":""UTF-8"",""crlf"":""LF""}"
"日本国憲法_99_補則-附則.md","changed","{""type"":""file"",""size"":1305,""timestamp"":1494100879,""md5"":""bae50085110e381868058754e3dc52ac"",""encoding"":""UTF-8"",""crlf"":""LF""}","{""type"":""file"",""size"":1916,""timestamp"":1494091191,""md5"":""62d910f5b9fd9360cc71c902303ac055"",""encoding"":""UTF-8"",""crlf"":""LF""}"
"日本国憲法_09_緊急事態.md","added","{""type"":null,""size"":null,""timestamp"":null,""md5"":null,""encoding"":null,""crlf"":null}","{""type"":""file"",""size"":2793,""timestamp"":1494091191,""md5"":""97889237c221594f99509cc716a03641"",""encoding"":""UTF-8"",""crlf"":""LF""}"
